ruta,bytes,sha256
DATA-DICTIONARY.md,20619,4d190b3fbf6cf2e1b90807decf8627648ef6489525c5bd917b4c805fb8eaca8f
DATA-PROVENANCE.md,6032,269a6347ba7e64c5cdf4074961813fc2abf80db1b09310c15dbc0ba3c028ef83
jacoco/ec.edu.uteq.sgroas.abd.controller/AbdAlertController.html,3533,655a5c7ad274fe61ac4e35588a7f63d07badbb2d4ce654bb99f6a7e853cee43f
jacoco/ec.edu.uteq.sgroas.abd.controller/AbdAlertController.java.html,3261,27645e1d3a2aa95dc74597651c31229447565b02d40122cb3a55a9f6b44bc5e7
jacoco/ec.edu.uteq.sgroas.abd.controller/AbdCatalogController.html,2769,b599b5de539aa5e139fa0fa0d8bdffaa90a0f11feff36f5127e7a0f41060d07d
jacoco/ec.edu.uteq.sgroas.abd.controller/AbdCatalogController.java.html,2247,07384576a232f5554a8685284fd4edd3812e7223a35e5589985c8f8519f39773
jacoco/ec.edu.uteq.sgroas.abd.controller/AbdDriverController.html,2876,544b804251d38b84ebfb1a5946f925ed0a0e5e2383a7eab76c24d6cd6450b1ed
jacoco/ec.edu.uteq.sgroas.abd.controller/AbdDriverController.java.html,3246,c2a27ed0efc4f34318a6c35385e8f66b9966c81d92dfe9785f9b6873a35b8798
jacoco/ec.edu.uteq.sgroas.abd.controller/AbdIncidentController.html,4342,a8a1c8146052b2344db9ca14f3967c284bd6b487789d0f65237215bcf510809d
jacoco/ec.edu.uteq.sgroas.abd.controller/AbdIncidentController.java.html,4844,5000814d5112dbc4330733a677196f826305a3e0210d50821bb3b61bf03d5e39
jacoco/ec.edu.uteq.sgroas.abd.controller/AbdReportController.html,5755,6c210673a7fd8e7cb1982a27695e88c4a4779ba0e3f46706a94572685fa868f2
jacoco/ec.edu.uteq.sgroas.abd.controller/AbdReportController.java.html,4861,a0fc94b2828a7d1ca7373d4b69fc97bde4ddd50998e619a39dcfff16acfd8437
jacoco/ec.edu.uteq.sgroas.abd.controller/AbdRouteController.html,4798,183932e10c9df5a38bf0e7450e7cf072181cd9fee1d7626cf331e1a28c335f5c
jacoco/ec.edu.uteq.sgroas.abd.controller/AbdRouteController.java.html,4885,9c14392c6e307b8dac57a26293ccadd5b076817be99ac9a08774b734f340153b
jacoco/ec.edu.uteq.sgroas.abd.controller/AbdScheduleController.html,4361,3a3e9268a19275162d092428f81c70db3cbc630313e5d6b68df0465f57909060
jacoco/ec.edu.uteq.sgroas.abd.controller/AbdScheduleController.java.html,5562,890350a441100aab56111731c2ee02cb178f046545da1b9433ff018c4adc39f0
jacoco/ec.edu.uteq.sgroas.abd.controller/AbdUnitController.html,4790,6b2a4eae54db8ea575cb44916a026738c5271f4bf14b78514e73592ea61aaa56
jacoco/ec.edu.uteq.sgroas.abd.controller/AbdUnitController.java.html,5050,f50d08ac642fab55f97dca525e27f2933f02ad657051ca7efc2ed7f352e04de3
jacoco/ec.edu.uteq.sgroas.abd.controller/index.html,7301,bdcc4557e6cbce72759e28610298abfdc7d8f422235924a52788ed23c3e0c6bd
jacoco/ec.edu.uteq.sgroas.abd.controller/index.source.html,7376,38ce0948903000e0c6ecacc93e69694935a85004c03ac00844e24006ac02eb8d
jacoco/ec.edu.uteq.sgroas.abd.dto/AbdDtos$AbdIncidentRequest.html,2839,019dd579ac047e82bf59ec25847895d8316f2922def50ef58c898667a847a1ca
jacoco/ec.edu.uteq.sgroas.abd.dto/AbdDtos$AbdIncidentResponse.html,2868,66cbff238572925537b162e93a18ba233616355a3ce12d8adcd73ba7d2cb217a
jacoco/ec.edu.uteq.sgroas.abd.dto/AbdDtos$AbdRouteRequest.html,2807,aca978e14a8b230d28be1088e000708437a36bce2b99739770965f24237a87c9
jacoco/ec.edu.uteq.sgroas.abd.dto/AbdDtos$AbdRouteResponse.html,2842,3dd40cefc1bd33718395a5d7d0d3ce5fef35a53d4bdbf739bfd04aca8543cc5b
jacoco/ec.edu.uteq.sgroas.abd.dto/AbdDtos$AlertResponse.html,2820,8785a60575f403df2b838f6c5f17eeade65a752b950db2ddfa9618fedef8a58f
jacoco/ec.edu.uteq.sgroas.abd.dto/AbdDtos$CatalogsResponse.html,2800,079031bee40cf15b97d80e1d13c94e7280364560a5419617518b6b13207a51fa
jacoco/ec.edu.uteq.sgroas.abd.dto/AbdDtos$CityResponse.html,2794,e96c7b70a4182b5141e49d8e70deab019fafd4dd6fa3808d3f2895c0b89e45a3
jacoco/ec.edu.uteq.sgroas.abd.dto/AbdDtos$CountResponse.html,2775,376c197d18387d0b7bdb542178eedf8d02ca64a1ea12cf21cb150e9ce3d3326c
jacoco/ec.edu.uteq.sgroas.abd.dto/AbdDtos$ProvinceResponse.html,2789,3fcf6cd6edf812fc149b16e959135564743f32ca00be7a2e1fec3a2a12fb036a
jacoco/ec.edu.uteq.sgroas.abd.dto/AbdDtos$RolResponse.html,2781,6864993a7f482720baa51bcde62565d5c49c1175d42b0370331702975ac6c97d
jacoco/ec.edu.uteq.sgroas.abd.dto/AbdDtos$ScheduleRequest.html,2846,0333b587a0781017c27123953475beb6f3190e624be8481f20c6ff45994cd047
jacoco/ec.edu.uteq.sgroas.abd.dto/AbdDtos$ScheduleResponse.html,2883,c4201736d769d88b45b9a21dd608ac3c6021b98b8738b5a78af7dfc9583bd105
jacoco/ec.edu.uteq.sgroas.abd.dto/AbdDtos$SummaryResponse.html,2821,da22f7f34345e50e1287fff33636b43b9501d1f7437819b2a48ba1a6c0283062
jacoco/ec.edu.uteq.sgroas.abd.dto/AbdDtos$TerminalResponse.html,2810,9560a7f7a78c9549d574728b1b0213d32391fd92934a1d09ebe2d52b44b4f3c1
jacoco/ec.edu.uteq.sgroas.abd.dto/AbdDtos$TopRouteResponse.html,2800,7f1e0b7f6a2679bc3211ac94c0186ad93b0566b8832ec683cd0b85a48370b5fe
jacoco/ec.edu.uteq.sgroas.abd.dto/AbdDtos$UnitRequest.html,2812,8fdfad167b6c82d13bc77a5501ad57e4b33b35d81035e89cc6a5e51aac3f0678
jacoco/ec.edu.uteq.sgroas.abd.dto/AbdDtos$UnitResponse.html,2825,7df8db88324a2f888e8fdf5bc777a5cd269e746880906df2ae1d9e1b50bbd89a
jacoco/ec.edu.uteq.sgroas.abd.dto/AbdDtos.java.html,12859,697f29e9268401627df40ea45b7f0e156e5acc2c56cd308490acda928f991a96
jacoco/ec.edu.uteq.sgroas.abd.dto/index.html,12156,84fc029cb7ed499ffb417f2e072e59e83c08b21269f3c0d96292114488ed16b7
jacoco/ec.edu.uteq.sgroas.abd.dto/index.source.html,3112,74c75272192491dca3641414f9d9c36dcb655867330161f0fa3607c1efb13670
jacoco/ec.edu.uteq.sgroas.abd.service/AbdCatalogService.html,5802,385f3f59f148378cd9529a9b1c92186a6e7dfc21a2f29eef291e92cc4abe1da4
jacoco/ec.edu.uteq.sgroas.abd.service/AbdCatalogService.java.html,5014,c3055eece1d2e6aaf88f1fdb7b1b6ae6ebc1446e06b520ee95414231729d9bf2
jacoco/ec.edu.uteq.sgroas.abd.service/AbdIncidentService.html,7384,ceb818de0575cba3a87aedf2fd0bf9fdbd6745c0bddc8e93d31f73b4cd14ad86
jacoco/ec.edu.uteq.sgroas.abd.service/AbdIncidentService.java.html,10207,3ce4cb9b4ebf89d88b161f1310200df80d8c8bcd0d835474a0e14b9bef3d4e9d
jacoco/ec.edu.uteq.sgroas.abd.service/AbdReportService.html,8923,6fcf50b8a801460c13a3e8fe97c21fa82ba9421221a9b3d08a73ca7bb520d2f9
jacoco/ec.edu.uteq.sgroas.abd.service/AbdReportService.java.html,7211,77e240d1eeff1b295c43d47a7f250ce614c93fc5d727327095395ab5c3c7e3b0
jacoco/ec.edu.uteq.sgroas.abd.service/AbdRouteService.html,6683,d0766d6d17f78664ef102eb7f7f076fa2962dba4afff441b63964db7b29ab205
jacoco/ec.edu.uteq.sgroas.abd.service/AbdRouteService.java.html,8058,92f5a10a25f60f0cb254f0a1fb5ad31040682ed07f5b464a145b508b939a4f30
jacoco/ec.edu.uteq.sgroas.abd.service/AbdScheduleService.html,9770,4499cc6e69a3d51f279aacb4926357eb2e081df40d7cecb86b4970170492654e
jacoco/ec.edu.uteq.sgroas.abd.service/AbdScheduleService.java.html,12256,859b0eeaee4628b1ce881e1ef0139ea21b075586b2b73703e92cb79b3311d704
jacoco/ec.edu.uteq.sgroas.abd.service/AbdUnitService.html,8049,40e96ce64547fe8aece7c3f9a6ebacbc71bc8847e147742c9e7d2b271ce6d617
jacoco/ec.edu.uteq.sgroas.abd.service/AbdUnitService.java.html,10038,badc5069640504bd2b999feeead72a0f756d5d34f3fb9ecbccc6d0c3bbe42ff3
jacoco/ec.edu.uteq.sgroas.abd.service/index.html,6634,0025f51a58fdfcdb7cefbfd7664922faf4a1e9d259fa39a5dd21d7227e0e4551
jacoco/ec.edu.uteq.sgroas.abd.service/index.source.html,6687,652b691ab33581c345230b59c091162b4ecf2ef8bd241f8b01697104b2388135
jacoco/ec.edu.uteq.sgroas.config/CacheConfig.html,3244,f7ddb714480e5991588815e065e216791df2a8f6f10d817ceb95d9eba802f132
jacoco/ec.edu.uteq.sgroas.config/CacheConfig.java.html,3859,e1bf3e7090752f45666d731498d12b0d2babe7971ba95cc70b580310313b25bf
jacoco/ec.edu.uteq.sgroas.config/OpenApiConfig.html,3227,acae0eef99ce93e6130018f02b9de46ae53e26c92de04347c277f0cfe4ba1422
jacoco/ec.edu.uteq.sgroas.config/OpenApiConfig.java.html,3009,6a74cac18b3284fae3f9a139b33c97448126b4791be8a9eef65f66f8f7aaec22
jacoco/ec.edu.uteq.sgroas.config/RedisConfig.html,3744,98dd3dbf0d2902ab9d29b56794b45444b7bcaf9b0b8f78146519d6d12ecff5cb
jacoco/ec.edu.uteq.sgroas.config/RedisConfig.java.html,2987,cab2cfce8b741fb56357d49a63785906c3e4577f5b1cf6d85544dbf0adeccced
jacoco/ec.edu.uteq.sgroas.config/RenderDataSourceConfig.html,3835,bd1eff49b3aa153a15f7f39736320011e969d3b3fcccffb7d131954a20acae82
jacoco/ec.edu.uteq.sgroas.config/RenderDataSourceConfig.java.html,3884,cd3299ae31a229564e2f05b2cbeaf607e7115d778da80db311621f9b7701efb6
jacoco/ec.edu.uteq.sgroas.config/SecurityConfig.html,9521,4e64a1dfe568b2df51d7dbc7d02ab2c329b5633df9135869b5fcf7dc7ea0f219
jacoco/ec.edu.uteq.sgroas.config/SecurityConfig.java.html,12342,1ec8128e7c522c51610a2a293c4d0090320f87b33e6f7b89ca2813cae06639fc
jacoco/ec.edu.uteq.sgroas.config/index.html,5305,9164ac57adaae7dc8c0184ee1523b849d94b71f84ef103428467e3ffb4dc522f
jacoco/ec.edu.uteq.sgroas.config/index.source.html,5347,f0b2af4b1c1cd6ce077d47ddb21518ddd2a680fd2ddcae4af7704fa73a2de093
jacoco/ec.edu.uteq.sgroas.controller/AuthController.html,9662,d03e9f398fca8bc747c0d99c87567f0478e6b997400563a3ba6cc3aa5a227f12
jacoco/ec.edu.uteq.sgroas.controller/AuthController.java.html,18019,8664233f4bd4ca9bd0cdd8f8fdd12b5331738cc716877f9c4564cdacc4fdde51
jacoco/ec.edu.uteq.sgroas.controller/DriverController.html,4773,93e8aac268446e6beb2e8fe1c2bdf446449f7946b915a1e15e5abcbe8bb9e73e
jacoco/ec.edu.uteq.sgroas.controller/DriverController.java.html,4847,8e54f0cdc843afa3f6ca27830900d041be97854eb0d270a2d5d28e26a46e670c
jacoco/ec.edu.uteq.sgroas.controller/IncidentController.html,4785,6d0381d71b0073bb9dd0cdba8610f2248cc4317ba38f4abc91534921078c1eb3
jacoco/ec.edu.uteq.sgroas.controller/IncidentController.java.html,4722,10a3a4ea590e300ae25446269945034e274ba10b5702d0dfb987ec3b298835fe
jacoco/ec.edu.uteq.sgroas.controller/ReportController.html,5808,3e033b4179ec8060522a3ff193b89bc492e69d5d2d541f225ebf75807c9bcc68
jacoco/ec.edu.uteq.sgroas.controller/ReportController.java.html,6158,4127517f7fa32e22baccf860385f66c62b38962c0424c5dde58277aaac3f800d
jacoco/ec.edu.uteq.sgroas.controller/RouteAssignmentController.html,4855,d7092920534028fd2704d66132102f632e666d17f8edecf15a6c1491f4d1115c
jacoco/ec.edu.uteq.sgroas.controller/RouteAssignmentController.java.html,4937,0f1c72575adbd25567755e2aaab33c5bea1f0baba4cda46ef0df38b9ced09913
jacoco/ec.edu.uteq.sgroas.controller/RouteController.html,4755,42112773af92d8cf761bdf4939786fb414e86b02289012898d77984c857415ee
jacoco/ec.edu.uteq.sgroas.controller/RouteController.java.html,4583,44a8eb2073d8ebcb8cac76407e0c33ee9c6fbfc5084c2be57651b9d5c0e3da9d
jacoco/ec.edu.uteq.sgroas.controller/UserController.html,5250,6522642b969e62a215f213dcbce2af557fc2d0ca5c97968d9733958b57f575eb
jacoco/ec.edu.uteq.sgroas.controller/UserController.java.html,5340,ae533fde7cc8aec4b53de90fac906d8847075f35da1e936efb8dd739f6d48411
jacoco/ec.edu.uteq.sgroas.controller/VehicleController.html,4775,43bafef8ce2a4125e2b92a685056b6060345ef24d597e7de6778f2302808c3f1
jacoco/ec.edu.uteq.sgroas.controller/VehicleController.java.html,4691,d6b3a3e3f8188916b4841cbb8a5a6cde7f9a8c5c12aaca8977b1fc016f5b7ed6
jacoco/ec.edu.uteq.sgroas.controller/index.html,7189,599a60058df9710ab66490f5622d2650b1deaed72bf7504f93d4e4bd644d835a
jacoco/ec.edu.uteq.sgroas.controller/index.source.html,7264,947c4bd8a9df1a781d2a35a9e49b3090ab90ae9a2982a34697642c58ec5ccfe0
jacoco/ec.edu.uteq.sgroas.dto/AuthResponse.html,2788,9ba6afbb17cbea27fe67edce53165518934ec9bf1de64931e790f70916db3446
jacoco/ec.edu.uteq.sgroas.dto/AuthResponse.java.html,1956,8b170d555fede76dd4dfb786dc0747a36d3382469b64ab6ac7a1b6fe75f9de0b
jacoco/ec.edu.uteq.sgroas.dto/DriverRequest.html,2814,f9b20add61c88598ef872acbb5f2da6ebb3f2df540ed9bb9c9336ff408f4dd22
jacoco/ec.edu.uteq.sgroas.dto/DriverRequest.java.html,3649,ffbae6aeaa0240d318c8047c8256074f61a4ab3bc00c08b1cc7326da8b965527
jacoco/ec.edu.uteq.sgroas.dto/DriverResponse.html,2861,bdadd55d895b2523fb5f1d0d10aa9ff09fbea726da1fc51692ad8c4e146770a2
jacoco/ec.edu.uteq.sgroas.dto/DriverResponse.java.html,2554,b948100855aab949d77a3255f617dab705e5ca08311052e5baccda635d05aa86
jacoco/ec.edu.uteq.sgroas.dto/EmailRequest.html,2739,7d98c1969f2943c47d041472435a0d1ea064121e0f3e8ee5829011974f556a4d
jacoco/ec.edu.uteq.sgroas.dto/EmailRequest.java.html,1689,3096b8ff9c12ad212a9964a72cab8ebc339c8a1dfc3367cc78944da20c1fe4f6
jacoco/ec.edu.uteq.sgroas.dto/ErrorResponse.html,2786,86186f6ce3bb021f7cb416610390bc5f1111a94b16b8c9f34f076328f2e77861
jacoco/ec.edu.uteq.sgroas.dto/ErrorResponse.java.html,1902,5c8b87038640f8faba536a602129bda497133d3a622734707e41642a9f3bcb99
jacoco/ec.edu.uteq.sgroas.dto/IncidentRequest.html,2818,53e1b8526bd5b1889e3939f0a1df7cdd6483642ba990cbb7314b6d3b06d39a44
jacoco/ec.edu.uteq.sgroas.dto/IncidentRequest.java.html,2858,42c210f8f275abf3fec445c04b30fe6f3d8294be558bef8831fbdfeab1878ebb
jacoco/ec.edu.uteq.sgroas.dto/IncidentResponse.html,2856,d7791e497d90f014d1b3b77194aa8f856dcd76516623eb11b7415d5389324828
jacoco/ec.edu.uteq.sgroas.dto/IncidentResponse.java.html,2358,27802d1d8cf85c7d0ae3426d69e38754ba27c3ab11029445f6c4986570cbfeba
jacoco/ec.edu.uteq.sgroas.dto/LoginRequest.html,2747,48b701d8a9f5350b06f66e1fb344bda2ba3d30dbfb58f38ac1eb2c73da716a5e
jacoco/ec.edu.uteq.sgroas.dto/LoginRequest.java.html,1822,04d12d2b3c0e369bed08cc449000f5772f0fefe258948dce8204900d6df1bd5f
jacoco/ec.edu.uteq.sgroas.dto/RefreshTokenRequest.html,2773,5bdaa40130217a6533cf2cfb4c7c6ddfc2c73ffb4c84366e4c769f1c1792faea
jacoco/ec.edu.uteq.sgroas.dto/RefreshTokenRequest.java.html,1617,41b7fabeec0ff9b26d4606b1f4e7b47282e2a894dd5fc60497bfa93cd6fae69f
jacoco/ec.edu.uteq.sgroas.dto/ResetPasswordRequest.html,2798,0f6e219bffc4166518d785348bc9cd83cc3fc3b6688cae641167df48daa8e621
jacoco/ec.edu.uteq.sgroas.dto/ResetPasswordRequest.java.html,2327,aa1548fd795ea6c9187b629b985bc58ea346fb70a41e7be6d31f2a0e2b67c596
jacoco/ec.edu.uteq.sgroas.dto/RouteAssignmentRequest.html,2843,63fcc7ce480afa99f7e895096194ce9123936bb67a4216f8b0154320bc4e320a
jacoco/ec.edu.uteq.sgroas.dto/RouteAssignmentRequest.java.html,2495,efd8158f6b12863c6395e00dc2f344e6dd8dc9dbef320444f8d0531dd1fddf04
jacoco/ec.edu.uteq.sgroas.dto/RouteAssignmentResponse.html,2905,48476b1a2237619c49a24a72ffcb3a2e4551f8e8d2b36af7b2ed3da1bc11cc85
jacoco/ec.edu.uteq.sgroas.dto/RouteAssignmentResponse.java.html,2612,5f940c0ba7114e33eef37897b400c4d29b2230bfe12c5d0a22575f08e0b61bba
jacoco/ec.edu.uteq.sgroas.dto/RouteRequest.html,2791,4a77c65744d0059840bfa7cb8ee3dd09a60a5975469a3e979bec655b9c4b7a1f
jacoco/ec.edu.uteq.sgroas.dto/RouteRequest.java.html,2937,63cd9b9e7121b5c2e60935927bb4a99f5938eacbb98cd3c9e960a5521bbdbb06
jacoco/ec.edu.uteq.sgroas.dto/RouteResponse.html,2829,15fe7fe0bf57765753a8a93722111e715d5573c23bbfd41b17ab721bcb270a00
jacoco/ec.edu.uteq.sgroas.dto/RouteResponse.java.html,2207,d60e213d9afdce9f1ca89abfbf8a7046991b0cf26f224e5afded2ffec7916856
jacoco/ec.edu.uteq.sgroas.dto/SessionResponse.html,2779,00e5309e93a81db6affb990ae66b20859659bc24b05df7cd3fed6b8fccf9bc45
jacoco/ec.edu.uteq.sgroas.dto/SessionResponse.java.html,1832,59dcde607c2a85f88bf4ecc3a33cbd571331caa0aaa827a8ae7d40b49cfa04f7
jacoco/ec.edu.uteq.sgroas.dto/UserRequest.html,2761,598be7b234742df97610690424bcd10bd1ba1a815f766948ba90e6859c91fe3c
jacoco/ec.edu.uteq.sgroas.dto/UserRequest.java.html,2341,dc0223e3dd7ac83775238cc1750ca9803877d04d585c7e095548713efe696381
jacoco/ec.edu.uteq.sgroas.dto/UserResponse.html,2791,126c89f5436f7e85c7f8108f0662a3b5ee05a6ee334ad987f0e75caaba3821d2
jacoco/ec.edu.uteq.sgroas.dto/UserResponse.java.html,1892,dc84d21af4929053aff84b9aca2ebaff0d850b601c8ea06efacb07bd0c3e0400
jacoco/ec.edu.uteq.sgroas.dto/VehicleRequest.html,2818,beb8af55289e931567c458de76dc00ec4c903173b0dc19d4d6823ec89bde6c7c
jacoco/ec.edu.uteq.sgroas.dto/VehicleRequest.java.html,3279,58ce454e06d306525ffe10e197b865bc7b5d39cd0cc1ea01d924e2a7e29fb23c
jacoco/ec.edu.uteq.sgroas.dto/VehicleResponse.html,2856,d8e005c4807fe72764c1e8279b86103217cb0bf5eebed9c7b46ab1be98f1742c
jacoco/ec.edu.uteq.sgroas.dto/VehicleResponse.java.html,2337,5cc8e879275354c6321c956e3f1e093bc43b8a4ce63d8f901caba5031266e2c3
jacoco/ec.edu.uteq.sgroas.dto/VerifyEmailRequest.html,2777,f8d7eb8526cfa689aa786b22aee98377ebe67dcdcc0486fc235d2557e314233d
jacoco/ec.edu.uteq.sgroas.dto/VerifyEmailRequest.java.html,1999,b01ac601a6d403e9466c67f524df57b3b031e9336cf4b217b06ba4cb5abfb5c6
jacoco/ec.edu.uteq.sgroas.dto/index.html,13602,a9a59ece41c2d3ef09dbaa9b646434e626160ac98b822c76602782a0fd571ded
jacoco/ec.edu.uteq.sgroas.dto/index.source.html,13809,7027d0628aef24abce4eb7344fdec2e6e793baaca6d8f630a6b230b2c75ee32d
jacoco/ec.edu.uteq.sgroas.entity/AssignmentStatus.html,2752,210085558a6af397a87bbfe1056f33ba23a8ce60653c1fdea32a74b4de52be21
jacoco/ec.edu.uteq.sgroas.entity/AssignmentStatus.java.html,1474,20f6933d3692bc8e0025ec93bbb70c70bedc6e3d28bc5e41e676f8bf46714c3c
jacoco/ec.edu.uteq.sgroas.entity/DriverStatus.html,2736,b3f6c94d61745a35b413e5c50fe3621e4042eee67833f6bb44b02c63c0130def
jacoco/ec.edu.uteq.sgroas.entity/DriverStatus.java.html,1457,9013f933b77668765fad1da9f3bf7a100ae75a7c1ba706d6da30be198f8040f2
jacoco/ec.edu.uteq.sgroas.entity/IncidentSeverity.html,2752,bd99ec861de556539e62e5c21f6677894f1d950db0237a3fddb0db8e1f847947
jacoco/ec.edu.uteq.sgroas.entity/IncidentSeverity.java.html,1507,778a9abeb6e2d975d6f4c4193f3da08601e6e99b80c86160203e412a8e5b3f93
jacoco/ec.edu.uteq.sgroas.entity/IncidentStatus.html,2744,dff776f7aa378da06ac2cb19d9880ec0523cbf185e15ac3b6aecdcc37af36674
jacoco/ec.edu.uteq.sgroas.entity/IncidentStatus.java.html,1519,8aed9b3ccf05614328074c8e8efde4461306af62fccdbc3c864e9d6e115130b1
jacoco/ec.edu.uteq.sgroas.entity/IncidentType.html,2736,2cae6ee17bfddcb22c99e01bc01b013f0ee9d6dbf1a453ee6c3176e7f785a912
jacoco/ec.edu.uteq.sgroas.entity/IncidentType.java.html,1552,5a89ee4f4a69b1bef0e00c47f5429ade5bac1e1f64bbe0a882e33f17e2205553
jacoco/ec.edu.uteq.sgroas.entity/Role.html,2704,1d9c0fb5fc58c11d41b746d35d258840964beb66f0420661d3f3b231486d8319
jacoco/ec.edu.uteq.sgroas.entity/Role.java.html,1492,fc42bf81d26fe6bb10eca4aba857ffdc91fde3ae189001a8417ccc3a0578d667
jacoco/ec.edu.uteq.sgroas.entity/RouteStatus.html,2732,9ade8d5ebbe7ed2ab36c717e55b6fbf9521f968e2737801cb03248ea7f06d8a8
jacoco/ec.edu.uteq.sgroas.entity/RouteStatus.java.html,1405,7764ae857dd9cc7976fc02ad412c64cb1424d76c04d589bc5668d06f4e0afdd7
jacoco/ec.edu.uteq.sgroas.entity/VehicleStatus.html,2740,a6d0bf25e4a44c6679008dba6f5f3c05b3b7e682d6a0b91c8aa5508cabc2adfb
jacoco/ec.edu.uteq.sgroas.entity/VehicleStatus.java.html,1476,f44631485f3dc528f651d94b7618a19cf54cd08424fc7d51f22d29a7d6f18951
jacoco/ec.edu.uteq.sgroas.entity/index.html,6837,1789cf9e53b619e68055eda4dc1e6ee0f0d59877fa979feba4583e1ccb2d6688
jacoco/ec.edu.uteq.sgroas.entity/index.source.html,6912,6943f371d41eb80124211eadcba64dbe2539c10ebc91a21bfb6b838d9c8a0b68
jacoco/ec.edu.uteq.sgroas.exception/GlobalExceptionHandler.html,7203,c29587250165db83e7a82548027c67f2f503dbcbd501fb8379048637c90b5185
jacoco/ec.edu.uteq.sgroas.exception/GlobalExceptionHandler.java.html,10366,ca8b631a48fda9215c3caa9d8ee9ff534a1248f835382b02ecc8dc1c61dedeaa
jacoco/ec.edu.uteq.sgroas.exception/UnverifiedEmailException.html,2805,bf13fa16f54169f8479842dc9d4ec9c72cd9941a1b63286a36d89c6511b90827
jacoco/ec.edu.uteq.sgroas.exception/UnverifiedEmailException.java.html,1776,9e114ce136894412c7d28854bc88111cb549abeedda735e0bb4e4ca652fb7680
jacoco/ec.edu.uteq.sgroas.exception/index.html,3710,93bc59c69db30608667648ac6547b2aa2eff81c576435507f5370b97a9e48783
jacoco/ec.edu.uteq.sgroas.exception/index.source.html,3719,ba252561fc998c1e36cc980c2e36268b90595d7b7aef6fc80dd705b1bfcbd496
jacoco/ec.edu.uteq.sgroas.security/CustomUserDetailsService.html,3320,628ecb2a1a98e4e74d5c7ad763bc708f73d1e7a7b20fccb8ac6eb3167cb2b43e
jacoco/ec.edu.uteq.sgroas.security/CustomUserDetailsService.java.html,3122,ebe9d25a196338a4a79d9f48ba39b16d7fa70cd0b8055339a27150108ad6b62c
jacoco/ec.edu.uteq.sgroas.security/JwtAuthenticationFilter.html,3606,68eeef36869d6949ce4012dc57f34c3ef64e346230aa9dbbfa5e1a7f7037b2a9
jacoco/ec.edu.uteq.sgroas.security/JwtAuthenticationFilter.java.html,6683,ae1a2d155d2ab362cd2d2d8f997e0404928dab880e0938707db9845813ffb2bb
jacoco/ec.edu.uteq.sgroas.security/JwtService.html,7903,579e1eaf11384c9460b51f700e004101e70bbc91b79a785a969f1074e1a51e93
jacoco/ec.edu.uteq.sgroas.security/JwtService.java.html,6474,197b0534c7a29a103cd4a4ff556ca5cb9e5effcc740f720cd3dc88bbba186316
jacoco/ec.edu.uteq.sgroas.security/LoginRateLimiter.html,5145,0ad7878f1cce22180e6360cd0df76ade1d4629745a85410ae184e223e4fd24ea
jacoco/ec.edu.uteq.sgroas.security/LoginRateLimiter.java.html,3724,a99a13473e77d6cb1a05a11be86fa4ee184a44f34e2901f104a66837481fe457
jacoco/ec.edu.uteq.sgroas.security/index.html,5417,18c65c2a142d954c32661a22109221fe8eab49c1b6fd9aa90e334d916693e3a7
jacoco/ec.edu.uteq.sgroas.security/index.source.html,5448,7180e6ed88e0bfb2b38482c005c888ecf8044ce29951a88a2704c8c5c5adb659
jacoco/ec.edu.uteq.sgroas.service/AuthService.html,11208,073de67d4bba1602fcd87a29a62fc176a911318f3bc1fd4fa6b899533e1f93a0
jacoco/ec.edu.uteq.sgroas.service/AuthService.java.html,12248,40ef755edd34cf4fee9e37413f58e9551dfa3e6582764700f65839cc6a5a5bd4
jacoco/ec.edu.uteq.sgroas.service/DriverService.html,8861,7cf294c3f82a64e136552e849866e4ac38fc272bc85e484b5ed80cffb110b557
jacoco/ec.edu.uteq.sgroas.service/DriverService.java.html,11940,2ead135c377aef3e503c38f9d3952738edb47ef3a38d5bae5b837b6803a5535a
jacoco/ec.edu.uteq.sgroas.service/EmailService.html,6735,78e93e5c2f86c55cfb35e9c02b48c5ea2e68f9cd3d2d49ed6878fdf32d0e6b5b
jacoco/ec.edu.uteq.sgroas.service/EmailService.java.html,9618,4bb3992e3c8402c912b0ffc7906705eb89ca546af1d88f79bdb4e4db58f0a5c1
jacoco/ec.edu.uteq.sgroas.service/IncidentService.html,9333,6c3b9f383681cc77a4f4ac1547e83186b98d5a7f10a4a09d47196445d6796ac6
jacoco/ec.edu.uteq.sgroas.service/IncidentService.java.html,11469,40b23635645543917bd4b6b1fe8358c7374942a4df4ed140b93ed62eda445ae9
jacoco/ec.edu.uteq.sgroas.service/ReportService.html,10034,7acbc617e9d9b526840e903eed584c65b24905b33c52297b728c488c7a5b71cb
jacoco/ec.edu.uteq.sgroas.service/ReportService.java.html,10438,5713cc3fe651ab93d5b918f2cc5035b8c7ad1036d4f7e862e937f8bfd1847483
jacoco/ec.edu.uteq.sgroas.service/RouteAssignmentService.html,10493,ea72b07fd6b9f33bc3c682cf3bcaba97f08400dd560e1cbf26d27a0ae46023b6
jacoco/ec.edu.uteq.sgroas.service/RouteAssignmentService.java.html,12682,d8fa0d37a257f057a50cfc27b5034e0b330956a83b9bd23a42b798e2f0840fa9
jacoco/ec.edu.uteq.sgroas.service/RouteService.html,7510,78caaf845e7f245b01e6fc16a8fa86282dc57819eb13320d021bf870f9292d46
jacoco/ec.edu.uteq.sgroas.service/RouteService.java.html,9822,7c5319cad0841f62633728df2e3ca039ef57eaf4355510ee08ab5f4e154c75dd
jacoco/ec.edu.uteq.sgroas.service/TokenService.html,4983,387e2feeebd3f46ad743840b5e7dd12ab49e285bf6bf2e7e8534ddedb92d8d73
jacoco/ec.edu.uteq.sgroas.service/TokenService.java.html,5478,7e9683cf1468096acb0c5d5bc27af273a851c267a2d21f2e353d91fa5c75b1e0
jacoco/ec.edu.uteq.sgroas.service/UserService.html,8815,2850247fade38468308703b71e9c76a576b69624f1696f5ab8e424e4bef2a8cd
jacoco/ec.edu.uteq.sgroas.service/UserService.java.html,9982,bc6d8d60096c7a1da9a3f601fee499dfa03cef8fc2825da086e2166b2512edfb
jacoco/ec.edu.uteq.sgroas.service/VehicleService.html,7546,2f0c21053d4a40f82b4c44c3bc9bfd12e6971b0d198ab8dae698f6c15a55ced3
jacoco/ec.edu.uteq.sgroas.service/VehicleService.java.html,10648,bc42f3e642f85c50c7d148a19ed7d3a9f779d9a66b11d42862e88d98708250c6
jacoco/ec.edu.uteq.sgroas.service/VerificationCodeService$Type.html,2797,a2f41cbc5ccea592a4ef5f1e032915f51e730e6957f0c8ffaaaf79454b494c08
jacoco/ec.edu.uteq.sgroas.service/VerificationCodeService.html,6211,887548994b6133547dc01bf50db00c295197b6db8bb86b708e7cd51e339c1829
jacoco/ec.edu.uteq.sgroas.service/VerificationCodeService.java.html,7924,46808ed57e84e7edf639d9d894385b1dfc64d204ccbb036762f8786686710f9a
jacoco/ec.edu.uteq.sgroas.service/index.html,10833,e38ab099b42dde5ae1adabe33f59304f7ab08623a34b8181fc7ee13ab811148d
jacoco/ec.edu.uteq.sgroas.service/index.source.html,10353,d86fb7c113e5ca9f00342a2c4ef466859181b3753249a181cb59c1d2dd0363ce
jacoco/ec.edu.uteq.sgroas/SgroasApplication.html,3240,7bfc6ad7cbaf04e608ec84e5e5502afeb950c702c737fca257bccdec41414260
jacoco/ec.edu.uteq.sgroas/SgroasApplication.java.html,1816,79409510131aaaa7cfceca16dd997c4f4a809e0137703d8a7b62392cfa9c12d4
jacoco/ec.edu.uteq.sgroas/index.html,3003,673f743bd2c0f0bda7046b23311a188220b49032c7081b10f73d689416eed27b
jacoco/ec.edu.uteq.sgroas/index.source.html,3001,c15b12d6309419d4e0e05544c2f7ed4e596492f9f3a087ca40307f7869e1e713
jacoco/index.html,9911,b10fd30ce8293a79661c475718d79aee8cf6d67918c356400651021d3e12495d
jacoco/jacoco-resources/branchfc.gif,91,a90e2acee1486fcc06a9dc77dc3a2c7d1103f9f65a9c833834c22079ca446d76
jacoco/jacoco-resources/branchnc.gif,91,cfd1d5ad1e939c895fc6c3a4b621f5b4bec61a4b71f8386d3520f0920930ba1f
jacoco/jacoco-resources/branchpc.gif,91,a419dc4732e7c225b409bfd5457263de4f20b6aa9737f4636f6dfad36b194b1d
jacoco/jacoco-resources/bundle.gif,709,22656fa2e683f8e5f7adae31f091ce045fc91f042a8fed82ee7a05fc4029e0c2
jacoco/jacoco-resources/class.gif,586,7ad9ac2c3f87d220f46d077e1b03d743ba45084cbbbccc2577e18c167f0fb2b1
jacoco/jacoco-resources/down.gif,67,69233accdde9fbbeef01a6bb5c117a4af85f24f7312054bccbeb0f64b7bb437c
jacoco/jacoco-resources/greenbar.gif,91,a29475aae8c0a107bc41459eb2ca079bc34fc5092f107a78a287c4864b325791
jacoco/jacoco-resources/group.gif,351,eb39f2e57cabfd740ab8d0c5fb4b26fc5ca71b334e2cfc8d6481c34842b4c360
jacoco/jacoco-resources/method.gif,193,6308ea5fba7f5e989f67e3e9bb3366f0cb4c90ab72e838af7ff813aca5aac487
jacoco/jacoco-resources/package.gif,227,82577b6b416bbf65cc99bc1c249e6462ae4ac708687fe2e1428b610c049300c2
jacoco/jacoco-resources/prettify.css,323,2247d0cf27cb7fd9cd850eb33444c059f261eb63a718c26b8f357a938401c5f9
jacoco/jacoco-resources/prettify.js,59057,743c6c4cab9499cd0bfe18a5a62281eccce843f47ec75eedb32eeb29c755aa68
jacoco/jacoco-resources/redbar.gif,91,906ce7fcec0fbac1a26c16521e375f020a513f0cf87888766b69c4bf63f4d9bd
jacoco/jacoco-resources/report.css,4046,0c464ff9ce9154fdf1a041b0efed7bc31da4a4c9744249d8ffa6b80f1c36ed9e
jacoco/jacoco-resources/report.gif,363,c765cafa65ec9a3c221b46062c6ef691f2dd5ff25628ee2c65cc9fe0b74aeea6
jacoco/jacoco-resources/session.gif,213,1ec062e347bc7db837b9471b6c6128e1d0a5ae8d4c6a2eaa8fee4d5cb6441dab
jacoco/jacoco-resources/sort.gif,58,1875d39ff1be841991aa768486f1bcfc0ca02969323e2d2ec52ec156bb5cf240
jacoco/jacoco-resources/sort.js,3955,64407e72c5097000e41f9da4ac9a04131b8ec9479ca8987a5f5d5f2ad6383043
jacoco/jacoco-resources/source.gif,354,50257f70adf3ebe4d18bb2432a61370dac06dad7a45f235c8e5f376081251ac3
jacoco/jacoco-resources/up.gif,67,e1ce2c1d5128b701f2dc5bb5f63c5c402d5d8125ad9c3ffc31c6abc7767899a0
jacoco/jacoco-sessions.html,517514,0a2730323b781655f6218249d87de4c1565d2a74a9ec9ac08de3da31b6e940ed
jacoco/jacoco.csv,6483,786edb0802b7440866c0217940b0d912ea5598d62fcba7527e550665a7687704
jacoco/jacoco.xml,246212,14d4a475bcff015de34a6bf86d9288bd5a94b980dded82ab450273d934eafe3f
lighthouse/REPORT.md,2606,d75d8a89abf36d60ae1d4b75ffda637a0485aeca1236425aa0535d933fd85f37
lighthouse/RESUMEN.md,3028,2660e84f915ea57876c43536987b89b41c4ba490692cb4f69cd1b55aa1ee6928
lighthouse/lh-desktop-1.json,509538,b5c3c9a9b229948068020562db5a569a5859c4f1a96da346fe5506e6ddeda5eb
lighthouse/lh-desktop-2.json,540361,bfda9131027e12d937ff4d2b43327135bb342dfa5644131122eb5b09a540da80
lighthouse/lh-desktop-3.json,524915,df0321149716babc6d1d2255f956f05f38df7e932e8b78f0fa212f5045252d39
lighthouse/lh-mobile-1.json,568137,d8d49763850de158ec51c3a6c2a4c2508e30517f541eace55494feca88d6513e
lighthouse/lh-mobile-2.json,567623,c6e8b4f2ea822c4b177f3826767cc5bb79392abc0ccfac78e2337dbf888f44d7
lighthouse/lh-mobile-3.json,567601,9b46376ca5416f105211e0f72d2283ee5606e9743c6cf821fc55715976416cda
lighthouse/lh-tablet-1.json,519756,3261da20de14baf052a3bcfe5aa9e9709fb05527e6aa91a470933aad81f3844c
lighthouse/lh-tablet-2.json,538112,21c53334e77bb9dd58e5d0131832f5ea82ddf0d41b9c1a0dc9376f8372ace772
lighthouse/lh-tablet-3.json,537842,eeb84dffe117c21f28438f941fcb0e5c71c319e2b95c03fce6501bb713064e91
lighthouse/lhci-20260730-2115.json,519886,6b2bb07465cffafc235de980bbf323404cafcb5921cdb9cc5dbd0468aae12265
lighthouse/lhci-20260730-2117.json,519751,8a131892db0a676b894c102dd51ce2bc9371b60c420925bbfcaf7eccc44daece
perf/ANALISIS-BOOTSTRAP.md,862,5f6421f08bdb3d999e677ef87d2479c876e009aad0be9445714c0b0cbfc93e3e
perf/ANALISIS-k6.md,5671,a8338ab66e81ed6016529b4f172e663ba13d1828fa46c038f759f929dc41f960
perf/RENDER-REPORT.md,3965,a8795f0b40896deb3c50f80e2e3309364cf3ac55983e05a568d7b220a9a8e446
perf/REPORT.md,2301,6bb5234332003bf085895ff99da4a343455026c0882846924ed74ae539a28cfd
perf/bootstrap.json,309,27ac8ba21f47cd51dd68710193bd3bc9f640476dc1fb57cd39379d39f54d7c81
perf/estadisticas.csv,587,f8ec15e138cce8bf397b29c8cd0c554bc01a235792a73b11b9d0101036d02786
perf/estadisticas.json,1903,5664339204cbf749734f11ff5a5b9b7697eab02a9e0b105ea3f0a8d65f905a51
perf/figuras/fig-error-rate.png,30766,6f6516d06120180257e2602117ef04d8105412678a062ec585a3a605a4632151
perf/figuras/fig-media-ic95.png,38806,2a065dc8068312a893d9f83291ee80213d5296d1eb240c7202b58b91cd41b83b
perf/figuras/fig-p95-por-corrida.png,34476,8d0aaff69a4cd5c8a5f8229c08d49643b137fc49719e46ec77344e4598ca6e7d
perf/figuras/fig-percentiles-corridas.png,84763,72a62bb831500b2094a31b39d65e42bbfb97cea6594934d732486a1a98d2c580
perf/k01-run1.json,5303,ee9c2aced6d5f0b35c8753ab3c2e8f8fda0accd97b2bf3ceb6c0bb3fb96e1bf5
perf/k02-run2.json,5201,ecd0f762af967755dc5631e64dcf40e9f06a09abb840176ace8d90056396c29b
perf/k03-run3.json,5198,6b53a028f1020d36e87ae291107722318c8d42cd10552a27071062c8a1839be0
perf/k04-cold.json,4828,5a700c8bc4ac44d18d1cf8a261a2679688af4d7fe6b2698bdf4d7e9b117cf08c
perf/k04-run1.json,5348,a33137ed22f3c2e356fbc8f6201818719e859d69ce1f1b1b80523e2b0305f598
perf/k05-cold.json,4773,3e322f5af6523001e607ab30c9041c176a51d5110cf2359b9f9bc7e0846858f2
perf/k05-run1.json,5255,9c83318ac1a6869a05bbd90daa2d833e973dc811d3b214df8272be0ded104cc3
perf/k06-cold.json,4800,a9e885388340ee82488c12496afd1bf684e49b8aa23507dd259455ad6712c8c5
perf/k06-run1.json,5282,31a7dd05c982e5fec7e06517ab35cdda263e3ab1f079d932a9fc8b4451f37f80
perf/k07-cold.json,4774,017070d4f6860ab106c811c8143e22dc72654bdcdf2b5fbed62a5c670d360f3c
perf/k07-run1.json,5265,5874c5bbcbe6534c2d71bcdca5f40c5fccf074c3255b11decfeaa8d59e69b42a
perf/k08-cold.json,4841,9d9aa60a5c8eb35b78f6e8f9688ac84826d6ceba31402946c6bee63e98f52a80
perf/k08-run1.json,5279,6f739940b8e9c381eab3452ae6bddd8e41d0e7e3dc21e81315966ebaccef0d93
sus/ANALISIS-SUS.md,3058,a8745c45ea37f8b1e5d1d443116e3cc0ecc16953e42caab8ab351d947ef82122
sus/P01.json,279,58c683657fef0b0fe37c9e960650e1636c68c5f3e9ac0c864cc7db7677970ec4
sus/P02.json,279,54fbb727dfd4bccadf1daf3785e8a14b3098c7b3fe5d178521248805dc2af874
sus/P03.json,279,8ea644841fa4dc684fab09f4f8e7f07c470f0e1dc8c3128148912e2ff8e99935
sus/P04.json,279,a0d2efaf0b7f29640a22dda5811e2fb4aeda98f3cf5edcf295329048232cd633
sus/P05.json,279,8b7f762df89c0b8031235a86839521044fdfa9aa127cc1e901a85e7fdc0e122f
sus/P06.json,280,e1073ef6920efdd9326462e76d1321a4fba68be46a4c37d72d1cf161c0725e73
sus/P07.json,279,80f9e4529f84c321916fdf8748dfb7e708e8d0fcd7a6fd225bc58ff86beaae5b
sus/P08.json,279,567b37c545ce39e2d2dbc65d65f3564cb100a7c15b1e650bcabbde7aef70e112
sus/P09.json,279,f3f51ad2b7232bb465dcedbf27a010b190184bba4d5bb816e42b599c80c4607f
sus/P10.json,280,e35ac15d8d84699ee640d7d2cc005852a67ac51ef8959a11b635d71e7d2ec332
sus/PARTICIPANTES-NO-INCLUIDOS.md,4089,39e07373128adc4bdd8c26d260a1707c84cf90e3f549ef5cbf0a6e87d1965e1a
sus/REPORT.md,2508,aa482b1acf561f4caf25c537b659dc381ee38273a358941eeddde0647f4a17ac
sus/estadisticas-item.json,1288,d5e31e17b2b22b1fbba1931e32a6eb1d8cae54e828b772c1c5a6a912c8733d58
sus/estadisticas-sus.json,192,7cb16db2eb2ca5aa6363dfaa9127cda9b506d8f1ea32b7f394d9ef69c27e740a
sus/fig-sus-demografia.png,55864,54eaa824c220a2775ab05e6d5b1d72d1513391f20704e91533eab598f75ac9bd
sus/figuras/fig-sus-item-respuestas.png,37885,2272322b58ba1d15913989ba0fa6286fc89ad7fe0eb5697b2f546b215755ea33
sus/figuras/fig-sus-por-participante.png,40520,6ee945162c09b0ae5ca4d5fecdf4167d2457d9c27a0641abd0e1ff70eb9851f1
sus/no-verificados/P11.json,279,4966f5b25a3c1a7964c3f09c6ca385b8bf00b6eeb817999d292cbbe7a64bae92
sus/no-verificados/P12.json,278,296d74b16892bc2bb6813985abde7dd4270999a0dd5a6ff8c163ef46cecf5722
sus/no-verificados/P13.json,278,f83fc3f347e9796f60fe068c164e0db062b7778c43c5777d36948ea71848c0f5
sus/no-verificados/P14.json,278,cafba134a7753cbd66952755971d2f911479d0f3beaa63276473e9a5780fc001
sus/no-verificados/P15.json,278,afc9899f79de2802d9f29be9facb9ce379c803ecf1db5810b0e45975460b0c70
sus/no-verificados/README.md,2176,04f82b82fc280cbf2e08e1260661bcd9ca142e032852dad206ac2760964afdb5
sus/sus-raw.csv,721,2dce11f4a454eb5abd75cef2067187d2b0712f44f9456f7bfe1b3faab925771c
zap/RESUMEN.md,2724,48cb35c6b6fa56e1e0a0ba090c5ceef6d4305887db70252b8a53e98b091725a9
zap/zap.html,66503,1ab305413b807be78cadb40b4e1b4b153dade2598d20d4b6326f2d8a00a2553b
zap/zap.md,18725,ad47fba437ac9137d7bbfdb9ea32edb81e36f95a99bff20ad1f42f4ef82be2f9
