GROUP,PACKAGE,CLASS,INSTRUCTION_MISSED,INSTRUCTION_COVERED,BRANCH_MISSED,BRANCH_COVERED,LINE_MISSED,LINE_COVERED,COMPLEXITY_MISSED,COMPLEXITY_COVERED,METHOD_MISSED,METHOD_COVERED
,ec.edu.uteq.sgroas.abd.dto,AbdDtos.AbdRouteRequest,0,12,0,0,0,1,0,1,0,1
,ec.edu.uteq.sgroas.abd.dto,AbdDtos.AlertResponse,0,21,0,0,0,1,0,1,0,1
,ec.edu.uteq.sgroas.abd.dto,AbdDtos.CatalogsResponse,0,15,0,0,0,1,0,1,0,1
,ec.edu.uteq.sgroas.abd.dto,AbdDtos.UnitResponse,0,24,0,0,0,1,0,1,0,1
,ec.edu.uteq.sgroas.abd.dto,AbdDtos.UnitRequest,0,21,0,0,0,1,0,1,0,1
,ec.edu.uteq.sgroas.abd.dto,AbdDtos.ProvinceResponse,0,9,0,0,0,1,0,1,0,1
,ec.edu.uteq.sgroas.abd.dto,AbdDtos.TopRouteResponse,0,12,0,0,0,1,0,1,0,1
,ec.edu.uteq.sgroas.abd.dto,AbdDtos.AbdIncidentResponse,0,30,0,0,0,1,0,1,0,1
,ec.edu.uteq.sgroas.abd.dto,AbdDtos.SummaryResponse,0,27,0,0,0,1,0,1,0,1
,ec.edu.uteq.sgroas.abd.dto,AbdDtos.CountResponse,0,9,0,0,0,1,0,1,0,1
,ec.edu.uteq.sgroas.abd.dto,AbdDtos.ScheduleRequest,0,24,0,0,0,1,0,1,0,1
,ec.edu.uteq.sgroas.abd.dto,AbdDtos.CityResponse,0,15,0,0,0,1,0,1,0,1
,ec.edu.uteq.sgroas.abd.dto,AbdDtos.ScheduleResponse,0,36,0,0,0,1,0,1,0,1
,ec.edu.uteq.sgroas.abd.dto,AbdDtos.AbdRouteResponse,0,24,0,0,0,1,0,1,0,1
,ec.edu.uteq.sgroas.abd.dto,AbdDtos.TerminalResponse,0,15,0,0,0,1,0,1,0,1
,ec.edu.uteq.sgroas.abd.dto,AbdDtos.RoleResponse,0,12,0,0,0,1,0,1,0,1
,ec.edu.uteq.sgroas.abd.dto,AbdDtos.AbdIncidentRequest,0,21,0,0,0,1,0,1,0,1
,ec.edu.uteq.sgroas.dto,VerifyEmailRequest,0,9,0,0,0,1,0,1,0,1
,ec.edu.uteq.sgroas.dto,DriverRequest,0,30,0,0,0,1,0,1,0,1
,ec.edu.uteq.sgroas.dto,RouteRequest,0,24,0,0,0,1,0,1,0,1
,ec.edu.uteq.sgroas.dto,IncidentResponse,0,39,0,0,0,1,0,1,0,1
,ec.edu.uteq.sgroas.dto,DriverResponse,0,45,0,0,0,1,0,1,0,1
,ec.edu.uteq.sgroas.dto,LoginRequest,0,9,0,0,0,1,0,1,0,1
,ec.edu.uteq.sgroas.dto,RouteResponse,0,36,0,0,0,1,0,1,0,1
,ec.edu.uteq.sgroas.dto,RefreshTokenRequest,0,6,0,0,0,1,0,1,0,1
,ec.edu.uteq.sgroas.dto,RouteAssignmentRequest,0,24,0,0,0,1,0,1,0,1
,ec.edu.uteq.sgroas.dto,UserRequest,0,15,0,0,0,1,0,1,0,1
,ec.edu.uteq.sgroas.dto,ResetPasswordRequest,0,12,0,0,0,1,0,1,0,1
,ec.edu.uteq.sgroas.dto,ErrorResponse,0,21,0,0,0,1,0,1,0,1
,ec.edu.uteq.sgroas.dto,UserResponse,0,24,0,0,0,1,0,1,0,1
,ec.edu.uteq.sgroas.dto,EmailRequest,0,6,0,0,0,1,0,1,0,1
,ec.edu.uteq.sgroas.dto,VehicleRequest,0,30,0,0,0,1,0,1,0,1
,ec.edu.uteq.sgroas.dto,IncidentRequest,0,27,0,0,0,1,0,1,0,1
,ec.edu.uteq.sgroas.dto,RouteAssignmentResponse,0,45,0,0,0,1,0,1,0,1
,ec.edu.uteq.sgroas.dto,VehicleResponse,0,42,0,0,0,1,0,1,0,1
,ec.edu.uteq.sgroas.dto,SessionResponse,0,15,0,0,0,1,0,1,0,1
,ec.edu.uteq.sgroas.dto,AuthResponse,0,24,0,0,0,1,0,1,0,1
,ec.edu.uteq.sgroas.abd.controller,AbdDriverController,0,27,0,6,0,5,0,4,0,1
,ec.edu.uteq.sgroas.abd.controller,AbdRouteController,35,0,0,0,6,0,5,0,5,0
,ec.edu.uteq.sgroas.abd.controller,AbdReportController,35,0,0,0,7,0,7,0,7,0
,ec.edu.uteq.sgroas.abd.controller,AbdIncidentController,31,0,0,0,5,0,4,0,4,0
,ec.edu.uteq.sgroas.abd.controller,AbdScheduleController,33,0,0,0,5,0,4,0,4,0
,ec.edu.uteq.sgroas.abd.controller,AbdCatalogController,5,0,0,0,1,0,1,0,1,0
,ec.edu.uteq.sgroas.abd.controller,AbdAlertController,1,43,1,5,0,6,1,4,0,2
,ec.edu.uteq.sgroas.abd.controller,AbdUnitController,36,0,0,0,6,0,5,0,5,0
,ec.edu.uteq.sgroas.exception,UnverifiedEmailException,0,4,0,0,0,2,0,1,0,1
,ec.edu.uteq.sgroas.exception,GlobalExceptionHandler,0,174,0,0,0,48,0,9,0,9
,ec.edu.uteq.sgroas.entity,IncidentSeverity,0,27,0,0,0,5,0,1,0,1
,ec.edu.uteq.sgroas.entity,Role,0,27,0,0,0,5,0,1,0,1
,ec.edu.uteq.sgroas.entity,DriverStatus,0,21,0,0,0,4,0,1,0,1
,ec.edu.uteq.sgroas.entity,AssignmentStatus,0,21,0,0,0,4,0,1,0,1
,ec.edu.uteq.sgroas.entity,VehicleStatus,0,21,0,0,0,4,0,1,0,1
,ec.edu.uteq.sgroas.entity,RouteStatus,0,15,0,0,0,3,0,1,0,1
,ec.edu.uteq.sgroas.entity,IncidentType,0,33,0,0,0,6,0,1,0,1
,ec.edu.uteq.sgroas.entity,IncidentStatus,0,27,0,0,0,5,0,1,0,1
,ec.edu.uteq.sgroas.config,CacheConfig,0,52,0,0,0,21,0,2,0,2
,ec.edu.uteq.sgroas.config,OpenApiConfig,0,38,0,0,0,12,0,2,0,2
,ec.edu.uteq.sgroas.config,SecurityConfig,0,553,0,0,0,53,0,14,0,14
,ec.edu.uteq.sgroas.config,RedisConfig,0,25,0,0,0,6,0,3,0,3
,ec.edu.uteq.sgroas.config,RenderDataSourceConfig,24,24,0,0,6,7,1,2,1,2
,ec.edu.uteq.sgroas,SgroasApplication,5,3,0,0,2,1,1,1,1,1
,ec.edu.uteq.sgroas.security,JwtService,0,126,1,3,0,31,1,12,0,11
,ec.edu.uteq.sgroas.security,LoginRateLimiter,11,88,1,9,0,17,1,9,0,5
,ec.edu.uteq.sgroas.security,CustomUserDetailsService,0,30,0,0,0,7,0,2,0,2
,ec.edu.uteq.sgroas.security,JwtAuthenticationFilter,2,130,4,18,0,32,4,9,0,2
,ec.edu.uteq.sgroas.controller,VehicleController,0,36,0,0,0,7,0,5,0,5
,ec.edu.uteq.sgroas.controller,RouteController,0,36,0,0,0,7,0,5,0,5
,ec.edu.uteq.sgroas.controller,AuthController,2,400,8,32,0,102,8,25,0,13
,ec.edu.uteq.sgroas.controller,UserController,7,37,0,0,2,7,1,5,1,5
,ec.edu.uteq.sgroas.controller,RouteAssignmentController,0,36,0,0,0,7,0,5,0,5
,ec.edu.uteq.sgroas.controller,DriverController,0,37,0,0,0,7,0,5,0,5
,ec.edu.uteq.sgroas.controller,ReportController,0,40,0,0,0,7,0,7,0,7
,ec.edu.uteq.sgroas.controller,IncidentController,0,36,0,0,0,7,0,5,0,5
,ec.edu.uteq.sgroas.service,DriverService.CachedDriverPage,0,9,0,0,0,1,0,1,0,1
,ec.edu.uteq.sgroas.service,RouteService.CachedRoutePage,0,9,0,0,0,1,0,1,0,1
,ec.edu.uteq.sgroas.service,IncidentService.CachedIncidentPage,0,9,0,0,0,1,0,1,0,1
,ec.edu.uteq.sgroas.service,AuthService,20,255,1,5,1,58,4,16,3,14
,ec.edu.uteq.sgroas.service,ReportService,0,683,0,2,0,25,0,16,0,15
,ec.edu.uteq.sgroas.service,VehicleService.CachedVehiclePage,0,9,0,0,0,1,0,1,0,1
,ec.edu.uteq.sgroas.service,EmailService,24,187,2,12,8,34,2,13,0,8
,ec.edu.uteq.sgroas.service,VerificationCodeService.Type,0,15,0,0,0,1,0,1,0,1
,ec.edu.uteq.sgroas.service,RouteService,0,230,1,5,0,60,1,12,0,10
,ec.edu.uteq.sgroas.service,DriverService,0,323,2,18,0,83,2,21,0,13
,ec.edu.uteq.sgroas.service,VerificationCodeService,7,198,0,10,2,38,0,12,0,7
,ec.edu.uteq.sgroas.service,IncidentService,5,267,0,0,0,70,1,13,1,13
,ec.edu.uteq.sgroas.service,VehicleService,0,248,1,5,0,66,1,12,0,10
,ec.edu.uteq.sgroas.service,TokenService,0,89,0,4,0,24,0,7,0,5
,ec.edu.uteq.sgroas.service,RouteAssignmentService.CachedAssignmentPage,0,9,0,0,0,1,0,1,0,1
,ec.edu.uteq.sgroas.service,RouteAssignmentService,15,293,0,0,0,76,3,13,3,13
,ec.edu.uteq.sgroas.service,UserService,5,249,1,13,1,51,1,18,0,12
,ec.edu.uteq.sgroas.abd.service,AbdRouteService,0,187,0,12,0,35,0,14,0,8
,ec.edu.uteq.sgroas.abd.service,AbdUnitService,8,275,2,34,0,51,3,25,1,9
,ec.edu.uteq.sgroas.abd.service,AbdReportService,0,161,0,0,0,30,0,13,0,13
,ec.edu.uteq.sgroas.abd.service,AbdCatalogService,0,105,0,0,0,19,0,7,0,7
,ec.edu.uteq.sgroas.abd.service,AbdIncidentService,0,270,3,29,0,56,3,22,0,9
,ec.edu.uteq.sgroas.abd.service,AbdScheduleService,23,328,5,29,0,59,8,22,3,10
